"1","145","kv55","Huvudverk","1",""
"8","414","kv71","Huvudverk","1",""
"20","436","kv109","Skisser","1",""
"78","372","kv25","Huvudverk","1",""
"82","429","kv80","Huvudverk","1",""
"83","653","kv300","Huvudverk","1",""
"90","423","kv64","Huvudverk","1",""
"94","142","kv162","Skisser","1",""
"290","528","kv29","Huvudverk","1",""
"292","242","kv66","Huvudverk","1",""
"293","458","kv67","Huvudverk","1",""
"294","494","kv75","Huvudverk","1",""
"295","126","kv81","Huvudverk","1",""
"296","19","kv95","Skisser","1",""
"299","499","kv296","Huvudverk","1",""
"300","159","kv24","Huvudverk","1",""
"371","127","kv107","Huvudverk","1",""
"375","532","kv161","Huvudverk","1",""
"376","519","kv186","Skisser","1",""
"383","543","kv246","Skisser","1",""
"389","473","kv6695","Skisser","1",""
"496","281","kv4203","Skisser","1",""
"599","529","kv924","Huvudverk","1",""
"724","65","kv4056","Skisser","1",""
"1006","512","kv1432","Skisser","1",""
"1012","520","kv186","Skisser","1",""
"1013","521","kv186","Huvudverk","1",""
"1014","524","kv1597","Skisser","1",""
"1057","533","kv4367","Osäkra skisser","1",""
"1096","726","kv5296","Skisser","1",""
"1177","727","kv4907","Skisser","1",""
"1184","158","kv771","Huvudverk","1",""
"1200","102","kv6719","Huvudverk","1",""
"1205","85","kv420","Skisser","1",""
"1209","117","kv898","Huvudverk","1",""
"1228","67","kv4039","Skisser","1",""
"1231","743","kv605","Skisser","1",""
"1232","744","kv599","Skisser","1",""
"1279","748","kv2759","Skisser","1",""
"1287","750","kv2729","Skisser","1",""
"1290","747","kv2778","Skisser","1",""
"1307","767","kv6763","Skisser","1",""
"1313","123","kv160","Skisser","1",""
"1328","128","kv1174","Skisser","1",""
"1357","139","kv35","Skisser","1",""
"1358","139","kv36","Skisser","1",""
"1359","139","kv37","Skisser","1",""
"1361","139","kv39","Skisser","1",""
"1362","139","kv40","Skisser","1",""
"1363","139","kv42","Skisser","1",""
"1364","139","kv43","Skisser","1",""
"1365","139","kv44","Skisser","1",""
"2","145","kv56","","2",""
"10","414","kv93","Skisser","2",""
"14","415","kv73","Relaterade verk och skisser","2",""
"39","419","kv416","Skisser","2",""
"81","406","kv852","Relaterat verk","2",""
"85","391","kv675","Relaterat verk","2",""
"99","427","kv60","Huvudverk","2",""
"105","242","kv6746","Skisser","2",""
"117","142","kv6700","Skisser","2",""
"130","499","kv6520","Osäkra skisser","2",""
"255","200","kv6083","Skisser","2",""
"297","458","kv99","Skisser","2",""
"311","436","kv157","Skisser","2",""
"318","430","kv6261","Skisser","2",""
"329","390","kv1248","Skisser","2",""
"355","377","kv5978","Skisser","2",""
"361","366","kv5626","Skisser","2",""
"364","19","kv90","Skisser","2",""
"370","127","kv1301","Skisser","2",""
"382","543","kv241","Skisser","2",""
"388","200","kv308","Skisser","2",""
"392","242","kv931","Skisser","2",""
"393","242","kv932","Skisser","2",""
"394","242","kv933","Skisser","2",""
"395","242","kv934","Skisser","2",""
"404","242","kv946","Skisser","2",""
"405","242","kv947","Skisser","2",""
"423","473","kv1003","Skisser","2",""
"433","494","kv4349","Skisser","2",""
"436","200","kv4343","Skisser","2",""
"457","200","kv4297","Skisser","2",""
"499","420","kv4190","Skisser","2",""
"523","329","kv319","Relaterat verk","2","330"
"527","528","kv347","Skisser","2",""
"536","532","kv423","Skisser","2",""
"594","496","kv4076","Relaterade verk och skisser","2",""
"614","436","kv4850","Skisser","2",""
"734","242","kv5027","Skisser","2",""
"735","200","kv4341","Skisser","2",""
"736","200","kv937","Skisser","2",""
"786","519","kv268","Skisser","2",""
"787","520","kv268","Skisser","2",""
"788","521","kv268","Skisser","2",""
"790","520","kv4356","Skisser","2",""
"791","521","kv4356","Skisser","2",""
"798","519","kv4359","Skisser","2",""
"799","520","kv4359","Skisser","2",""
"800","521","kv4359","Skisser","2",""
"808","519","kv4395","Skisser","2",""
"809","520","kv4395","Skisser","2",""
"810","521","kv4395","Skisser","2",""
"823","65","kv101","Relaterade verk och skisser","2",""
"883","242","kv5029","Skisser","2",""
"998","528","kv1659","Skisser","2",""
"1005","512","kv1431","Skisser","2",""
"1016","524","kv1598","Skisser","2",""
"1023","65","kv522","Relaterade verk och skisser","2",""
"1041","281","kv155","Relaterade verk och skisser","2",""
"1042","281","kv176","Relaterade verk och skisser","2",""
"1099","726","kv5300","Skisser","2",""
"1178","727","kv4975","Osäkra skisser","2",""
"1189","158","kv4899","Osäkra skisser","2",""
"1207","95","kv875","Skisser","2",""
"1210","117","kv882","Skisser","2",""
"1229","67","kv4040","Skisser","2",""
"1235","85","kv291","Skisser","2",""
"1236","744","kv471","Skisser","2",""
"1259","24","kv881","Relaterade verk och skisser","2",""
"1263","94","kv4046","Skisser","2",""
"1271","102","kv880","Relaterade verk och skisser","2",""
"1276","85","kv2748","Skisser","2",""
"1280","748","kv2763","Skisser","2",""
"1286","750","kv2728","Skisser","2",""
"1289","747","kv2756","Skisser","2",""
"1325","123","kv342","Skisser","2",""
"1326","767","kv2731","Skisser","2",""
"1329","128","kv1175","Skisser","2",""
"1472","242","kv5024","Skisser","2",""
"7","414","kv63","Skisser","3",""
"15","415","kv171","Relaterade verk och skisser","3",""
"101","427","kv848","Skisser","3",""
"110","242","kv6734","Skisser","3",""
"249","419","kv6230","Skisser","3",""
"266","528","kv6026","Skisser","3",""
"268","436","kv5996","Skisser","3",""
"321","430","kv6265","Skisser","3",""
"331","390","kv1267","Skisser","3",""
"366","19","kv91","Skisser","3",""
"381","543","kv237","Skisser","3",""
"402","242","kv944","Skisser","3",""
"403","242","kv945","Skisser","3",""
"434","494","kv4353","Skisser","3",""
"455","200","kv4305","Skisser","3",""
"479","145","kv4259","Skisser","3",""
"498","420","kv4195","Skisser","3",""
"501","473","kv4156","Skisser","3",""
"511","242","kv139","Skisser","3",""
"595","496","kv4077","Relaterade verk och skisser","3",""
"730","242","kv1196","Skisser","3",""
"776","366","kv5624","Skisser","3",""
"789","519","kv4356","Skisser","3",""
"792","519","kv4358","Skisser","3",""
"793","520","kv4358","Skisser","3",""
"794","521","kv4358","Skisser","3",""
"795","519","kv4357","Skisser","3",""
"796","520","kv4357","Skisser","3",""
"797","521","kv4357","Skisser","3",""
"802","519","kv4393","Skisser","3",""
"803","520","kv4393","Skisser","3",""
"804","521","kv4393","Skisser","3",""
"805","519","kv4394","Skisser","3",""
"806","520","kv4394","Skisser","3",""
"807","521","kv4394","Skisser","3",""
"986","377","kv1394","Skisser","3",""
"1010","512","kv1440","Skisser","3",""
"1015","524","kv1596","Skisser","3",""
"1035","532","kv1658","Relaterade verk och skisser","3",""
"1040","281","kv1643","Relaterade verk och skisser","3",""
"1051","499","kv4364","Skisser","3",""
"1054","281","kv317","Relaterade verk och skisser","3",""
"1055","281","kv414","Relaterade verk och skisser","3",""
"1100","726","kv5302","Skisser","3",""
"1180","727","kv4992","Osäkra skisser","3",""
"1185","158","kv5330","Osäkra skisser","3",""
"1206","95","kv1346","Skisser","3",""
"1227","65","kv3986","Relaterade verk och skisser","3",""
"1237","744","kv472","Skisser","3",""
"1239","85","kv2752","Skisser","3",""
"1258","24","kv6718","Relaterade verk och skisser","3",""
"1261","117","kv3989","Skisser","3",""
"1262","94","kv4044","Skisser","3",""
"1264","67","kv4060","Skisser","3",""
"1272","102","kv874","Relaterade verk och skisser","3",""
"1281","748","kv2744","Skisser","3",""
"1288","747","kv2753","Skisser","3",""
"1323","123","kv1294","Skisser","3",""
"1327","128","kv1172","Skisser","3",""
"4","145","kv851","Skisser","4",""
"5","145","kv1188","Skisser","4",""
"19","415","kv692","Relaterade verk och skisser","4",""
"23","414","kv116","Relaterade verk och skisser","4",""
"49","390","kv1099","Skisser","4",""
"63","436","kv5875","Skisser","4",""
"104","427","kv6744","Skisser","4",""
"109","242","kv6736","Skisser","4",""
"116","200","kv6702","Skisser","4",""
"129","200","kv6523","Skisser","4",""
"174","200","kv6480","Skisser","4",""
"265","200","kv6045","Skisser","4",""
"291","528","kv51","Skisser","4",""
"319","430","kv6262","Skisser","4",""
"362","366","kv5630","Skisser","4",""
"372","145","kv149","Skisser","4",""
"384","419","kv275","Skisser","4",""
"397","242","kv939","Skisser","4",""
"398","242","kv940","Skisser","4",""
"399","242","kv941","Skisser","4",""
"417","242","kv966","Skisser","4",""
"418","242","kv967","Skisser","4",""
"432","494","kv4348","Skisser","4",""
"475","145","kv4265","Skisser","4",""
"497","420","kv4196","Skisser","4",""
"607","499","kv2512","Skisser","4",""
"743","145","kv1317","Skisser","4",""
"825","532","kv6536","Relaterade verk och skisser","4",""
"993","528","kv1626","Skisser","4",""
"1007","512","kv1433","Skisser","4",""
"1101","726","kv5303","Skisser","4",""
"1179","727","kv4974","Osäkra skisser","4",""
"1186","158","kv5331","Osäkra skisser","4",""
"1216","19","kv92","Osäkra skisser","4",""
"1233","85","kv3985","Skisser","4",""
"1275","94","kv4064","Osäkra skisser","4",""
"1282","748","kv2688","Skisser","4",""
"1311","744","kv387","Osäkra skisser","4",""
"1314","94","kv2771","Osäkra skisser","4",""
"1332","128","kv1178","Skisser","4",""
"1464","145","kv1310","Skisser","4",""
"1465","145","kv1318","Skisser","4",""
"17","415","kv327","Relaterade verk och skisser","5",""
"24","414","kv356","Skisser","5",""
"50","390","kv1116","Skisser","5",""
"74","436","kv5956","Skisser","5",""
"102","427","kv849","Skisser","5",""
"108","242","kv6737","Skisser","5",""
"112","390","kv6731","Skisser","5",""
"245","419","kv6255","Skisser","5",""
"320","430","kv6264","Skisser","5",""
"363","366","kv5847","Skisser","5",""
"400","242","kv942","Skisser","5",""
"401","242","kv943","Skisser","5",""
"415","242","kv964","Skisser","5",""
"416","242","kv965","Skisser","5",""
"430","494","kv4346","Skisser","5",""
"512","145","kv140","Skisser","5",""
"612","499","kv4880","Osäkra skisser","5",""
"729","145","kv1189","Skisser","5",""
"731","145","kv1195","Skisser","5",""
"997","528","kv1648","Skisser","5",""
"1008","512","kv1434","Skisser","5",""
"1144","726","kv4952","Skisser","5",""
"1181","727","kv4901","Osäkra skisser","5",""
"1298","94","kv2732","Relaterade verk och skisser","5",""
"1312","744","kv388","Osäkra skisser","5",""
"1331","128","kv1177","Skisser","5",""
"1471","145","kv4621","Skisser","5",""
"18","415","kv610","Relaterade verk och skisser","6",""
"25","414","kv357","Skisser","6",""
"57","436","kv5857","Skisser","6",""
"77","390","kv6148","Skisser","6",""
"100","427","kv100","Skisser","6",""
"243","419","kv6256","Skisser","6",""
"357","499","kv914","Relaterade verk och skisser","6",""
"435","494","kv4354","Skisser","6",""
"478","145","kv4261","Skisser","6",""
"561","528","kv588","Skisser","6",""
"991","528","kv1625","Skisser","6",""
"994","528","kv1627","Skisser","6",""
"999","528","kv1660","Skisser","6",""
"1009","512","kv1435","Skisser","6",""
"1172","726","kv5001","Skisser","6",""
"1240","85","kv2768","Osäkra skisser","6",""
"1310","744","kv314","Osäkra skisser","6",""
"1333","128","kv1179","Skisser","6",""
"3","145","kv12","","7",""
"16","415","kv318","Relaterade verk och skisser","7",""
"29","414","kv6759","Skisser","7",""
"54","419","kv663","Skisser","7",""
"103","427","kv6705","Relaterat verk","7",""
"113","390","kv6730","Skisser","7",""
"356","436","kv5998","Skisser","7",""
"431","494","kv4347","Skisser","7",""
"992","528","kv1624","Skisser","7",""
"995","528","kv1646","Skisser","7",""
"996","528","kv1647","Skisser","7",""
"1053","499","kv169","Relaterade verk och skisser","7",""
"1171","726","kv5000","Skisser","7",""
"1268","85","kv3983","Osäkra skisser","7",""
"1309","744","kv313","Osäkra skisser","7",""
"1340","128","kv1173","Skisser","7",""
"6","414","kv54","Skisser","8",""
"40","419","kv661","Skisser","8",""
"66","436","kv5941","Skisser","8",""
"240","415","kv6273","Relaterade verk och skisser","8",""
"481","390","kv4253","Skisser","8",""
"706","528","kv6015","Relaterade verk och skisser","8",""
"708","528","kv6016","Relaterade verk och skisser","8",""
"714","528","kv6022","Relaterade verk och skisser","8",""
"716","528","kv6021","Relaterade verk och skisser","8",""
"718","528","kv6020","Relaterade verk och skisser","8",""
"720","528","kv6018","Relaterade verk och skisser","8",""
"722","528","kv6033","Relaterade verk och skisser","8",""
"1039","528","kv1656","Relaterade verk och skisser","8",""
"1103","726","kv5306","Skisser","8",""
"1241","85","kv3974","Osäkra skisser","8",""
"1339","128","kv1193","Skisser","8",""
"41","419","kv662","Skisser","9",""
"73","436","kv5954","Skisser","9",""
"231","414","kv6458","Skisser","9",""
"234","415","kv6291","Relaterade verk och skisser","9",""
"328","390","kv1238","Skisser","9",""
"421","390","kv996","Skisser","9",""
"605","528","kv2577","Osäkra skisser","9",""
"613","436","kv4876","Skisser","9",""
"1121","726","kv4926","Skisser","9",""
"1336","128","kv1183","Skisser","9",""
"21","436","kv549","Skisser","10",""
"88","419","kv665","Skisser","10",""
"89","414","kv665","Relaterade verk och skisser","10",""
"309","159","kv632","Skisser","10",""
"489","390","kv4234","Skisser","10",""
"1017","533","kv1139","Osäkra skisser","10",""
"1110","726","kv4912","Skisser","10",""
"1182","729","kv880","Skisser","10",""
"1238","85","kv448","Relaterade verk och skisser","10",""
"1297","754","kv2725","Skisser","10",""
"1299","111","kv2693","Osäkra skisser","10",""
"1330","128","kv1176","Skisser","10",""
"1366","139","kv46","Skisser","10",""
"1378","139","kv380","Skisser","10",""
"30","414","kv6760","Relaterade verk och skisser","11",""
"44","419","kv6761","Relaterade verk och skisser","11",""
"68","436","kv5948","Skisser","11",""
"488","390","kv4238","Skisser","11",""
"1161","726","kv4987","Skisser","11",""
"1214","729","kv874","Skisser","11",""
"1300","111","kv2686","Osäkra skisser","11",""
"1337","128","kv1191","Skisser","11",""
"1367","139","kv47","Skisser","11",""
"1369","139","kv189","Skisser","11",""
"1374","139","kv281","Skisser","11",""
"1382","139","kv694","Skisser","11",""
"1383","139","kv695","Skisser","11",""
"1387","139","kv699","Skisser","11",""
"1392","139","kv704","Skisser","11",""
"1393","139","kv705","Skisser","11",""
"1401","139","kv713","Skisser","11",""
"1405","139","kv717","Skisser","11",""
"1408","139","kv720","Skisser","11",""
"1409","139","kv721","Skisser","11",""
"1411","139","kv723","Skisser","11",""
"1412","139","kv724","Skisser","11",""
"1413","139","kv725","Skisser","11",""
"1414","139","kv726","Skisser","11",""
"1416","139","kv728","Skisser","11",""
"1417","139","kv729","Skisser","11",""
"1419","139","kv732","Skisser","11",""
"1420","139","kv733","Skisser","11",""
"1421","139","kv734","Skisser","11",""
"1423","139","kv737","Skisser","11",""
"1424","139","kv738","Skisser","11",""
"1425","139","kv739","Skisser","11",""
"1445","139","kv834","Skisser","11",""
"1446","139","kv835","Skisser","11",""
"1449","139","kv918","Skisser","11",""
"1450","139","kv919","Skisser","11",""
"1452","139","kv921","Skisser","11",""
"1455","139","kv926","Skisser","11",""
"1456","139","kv1162","Skisser","11",""
"1457","139","kv1166","Skisser","11",""
"1458","139","kv1167","Skisser","11",""
"1459","139","kv1168","Skisser","11",""
"31","414","kv6761","Relaterade verk och skisser","12",""
"43","419","kv6760","Relaterade verk och skisser","12",""
"71","436","kv5952","Skisser","12",""
"232","419","kv6458","Relaterade verk och skisser","12",""
"480","390","kv4256","Skisser","12",""
"490","390","kv4233","Skisser","12",""
"1170","726","kv4999","Skisser","12",""
"1255","729","kv881","Skisser","12",""
"1338","128","kv1192","Skisser","12",""
"32","419","kv54","Relaterade verk och skisser","13",""
"42","419","kv6759","Relaterade verk och skisser","13",""
"72","436","kv5953","Skisser","13",""
"248","414","kv6253","Skisser","13",""
"486","390","kv4241","Skisser","13",""
"1160","726","kv4982","Skisser","13",""
"1334","128","kv1181","Skisser","13",""
"26","414","kv416","Relaterade verk och skisser","14",""
"33","419","kv63","Relaterade verk och skisser","14",""
"86","436","kv273","Skisser","14",""
"330","390","kv1249","Skisser","14",""
"1113","726","kv4915","Skisser","14",""
"1335","128","kv1182","Skisser","14",""
"38","419","kv357","Skisser","15",""
"48","390","kv1082","Skisser","15",""
"59","436","kv5865","Skisser","15",""
"385","414","kv275","Relaterade verk och skisser","15",""
"1119","726","kv4924","Skisser","15",""
"1453","139","kv922","Skisser","15",""
"1454","139","kv925","Skisser","15",""
"1478","126","kv150","Skisser","15",""
"37","419","kv356","Relaterade verk och skisser","16",""
"47","390","kv1081","Skisser","16",""
"87","436","kv274","Skisser","16",""
"250","414","kv6230","Relaterade verk och skisser","16",""
"1126","726","kv4931","Skisser","16",""
"1477","126","kv144","Skisser","16",""
"69","436","kv5950","Skisser","17",""
"111","390","kv6732","Skisser","17",""
"246","414","kv6255","Relaterade verk och skisser","17",""
"1131","726","kv4937","Skisser","17",""
"244","414","kv6256","Relaterade verk och skisser","18",""
"247","419","kv6253","Relaterade verk och skisser","18",""
"269","436","kv5995","Skisser","18",""
"482","390","kv4250","Skisser","18",""
"1168","726","kv4997","Skisser","18",""
"36","419","kv116","Relaterade verk och skisser","19",""
"55","414","kv663","Relaterade verk och skisser","19",""
"61","436","kv5867","Skisser","19",""
"487","390","kv4240","Skisser","19",""
"1155","726","kv4966","Skisser","19",""
"28","414","kv662","Relaterade verk och skisser","20",""
"35","419","kv93","Relaterade verk och skisser","20",""
"70","436","kv5951","Skisser","20",""
"79","533","kv269","Osäkra skisser","20",""
"107","159","kv6757","Skisser","20",""
"310","159","kv650","Skisser","20",""
"332","390","kv1725","Skisser","20",""
"407","242","kv956","Osäkert","20",""
"408","242","kv957","Osäkert","20",""
"409","242","kv958","Osäkert","20",""
"410","242","kv959","Osäkert","20",""
"1134","726","kv4940","Skisser","20",""
"1273","729","kv6719","Relaterade verk och skisser","20",""
"1296","754","kv2698","Skisser","20",""
"1305","764","kv4322","Skisser","20",""
"1316","125","kv150","Relaterade verk och skisser","20",""
"1319","126","kv1288","Osäkra skisser","20",""
"27","414","kv661","Relaterade verk och skisser","21",""
"34","419","kv71","Relaterade verk och skisser","21",""
"301","159","kv259","Skisser","21",""
"302","159","kv260","Skisser","21",""
"304","159","kv341","Skisser","21",""
"307","159","kv496","Skisser","21",""
"343","112","kv462","Skisser","21",""
"406","159","kv949","Skisser","21",""
"458","159","kv4295","Skisser","21",""
"466","159","kv4285","Skisser","21",""
"542","436","kv459","Skisser","21",""
"701","390","kv1115","Skisser","21",""
"814","458","kv5012","Skisser","21",""
"1158","726","kv4969","Skisser","21",""
"1256","729","kv6718","Relaterade verk och skisser","21",""
"1302","764","kv1158","Skisser","21",""
"1317","125","kv144","Relaterade verk och skisser","21",""
"1343","126","kv143","Osäkra skisser","21",""
"9","414","kv72","Relaterat verk","22",""
"46","390","kv1080","Skisser","22",""
"344","112","kv463","Skisser","22",""
"546","436","kv483","Skisser","22",""
"919","458","kv1852","Skisser","22",""
"1157","726","kv4968","Skisser","22",""
"1304","764","kv1159","Skisser","22",""
"1324","126","kv1295","Osäkra skisser","22",""
"1360","139","kv38","Skisser","22",""
"1381","139","kv693","Skisser","22",""
"1385","139","kv697","Skisser","22",""
"1388","139","kv700","Skisser","22",""
"1389","139","kv701","Skisser","22",""
"1418","139","kv731","Skisser","22",""
"1426","139","kv743","Skisser","22",""
"56","436","kv5851","Skisser","23",""
"369","390","kv1266","Skisser","23",""
"702","458","kv6008","Skisser","23",""
"1156","726","kv4967","Skisser","23",""
"1217","112","kv1358","Skisser","23",""
"1390","139","kv702","Skisser","23",""
"1407","139","kv719","Skisser","23",""
"1447","139","kv842","Skisser","23",""
"22","436","kv913","Skisser","24",""
"259","390","kv6072","Skisser","24",""
"909","458","kv1842","Skisser","24",""
"1116","726","kv4920","Skisser","24",""
"1250","112","kv1362","Skisser","24",""
"58","436","kv5858","Skisser","25",""
"260","390","kv6070","Skisser","25",""
"910","458","kv1843","Skisser","25",""
"1117","726","kv4921","Skisser","25",""
"1342","125","kv143","Relaterade verk och skisser","25",""
"45","390","kv1079","Skisser","26",""
"64","436","kv5880","Skisser","26",""
"912","458","kv1845","Skisser","26",""
"1166","726","kv4995","Skisser","26",""
"62","436","kv5868","Skisser","27",""
"915","458","kv1848","Skisser","27",""
"1115","726","kv4918","Skisser","27",""
"60","436","kv5866","Skisser","28",""
"1165","726","kv4994","Skisser","28",""
"67","436","kv5947","Skisser","29",""
"1164","726","kv4993","Skisser","29",""
"65","436","kv5882","Skisser","30",""
"267","458","kv6007","Skisser","30",""
"303","159","kv266","Skisser","30",""
"305","159","kv365","Skisser","30",""
"306","159","kv490","Skisser","30",""
"308","159","kv497","Skisser","30",""
"342","112","kv165","Huvudverk","30",""
"414","390","kv959","Osäkert","30",""
"460","159","kv4294","Skisser","30",""
"461","159","kv4292","Skisser","30",""
"464","159","kv4287","Skisser","30",""
"468","159","kv4275","Skisser","30",""
"471","159","kv4270","Osäkra skisser","30",""
"473","159","kv4268","Skisser","30",""
"474","159","kv4267","Skisser","30",""
"726","65","kv4045","Relaterade verk och skisser","30",""
"903","458","kv1836","Skisser","30",""
"1018","533","kv1153","Osäkra skisser","30",""
"1076","458","kv1201","Skisser","30",""
"1130","726","kv4936","Skisser","30",""
"1315","125","kv289","Relaterade verk och skisser","30",""
"1318","127","kv144","Relaterade verk och skisser","30",""
"1466","126","kv1331","Osäkra skisser","30",""
"76","436","kv6123","Osäkra skisser","31",""
"95","159","kv185","Skisser","31",""
"386","112","kv288","Skisser","31",""
"413","390","kv958","Osäkert","31",""
"476","159","kv4264","Skisser","31",""
"703","458","kv6009","Skisser","31",""
"727","65","kv3978","Relaterade verk och skisser","31",""
"1163","726","kv4990","Skisser","31",""
"1321","127","kv1290","Relaterade verk och skisser","31",""
"1322","125","kv1290","Relaterade verk och skisser","31",""
"1370","139","kv198","Skisser","31",""
"1371","139","kv217","Skisser","31",""
"1372","139","kv279","Skisser","31",""
"1376","139","kv284","Skisser","31",""
"1384","139","kv696","Skisser","31",""
"1386","139","kv698","Skisser","31",""
"1391","139","kv703","Skisser","31",""
"1394","139","kv706","Skisser","31",""
"1395","139","kv707","Skisser","31",""
"1396","139","kv708","Skisser","31",""
"1397","139","kv709","Skisser","31",""
"1398","139","kv710","Skisser","31",""
"1399","139","kv711","Skisser","31",""
"1400","139","kv712","Skisser","31",""
"1402","139","kv714","Skisser","31",""
"1403","139","kv715","Skisser","31",""
"1404","139","kv716","Skisser","31",""
"1406","139","kv718","Skisser","31",""
"1410","139","kv722","Skisser","31",""
"1415","139","kv727","Skisser","31",""
"1422","139","kv736","Skisser","31",""
"1433","139","kv789","Skisser","31",""
"1434","139","kv791","Skisser","31",""
"1462","139","kv1171","Skisser","31",""
"1463","126","kv1299","Osäkra skisser","31",""
"75","436","kv5965","Osäkra skisser","32",""
"412","390","kv957","Osäkert","32",""
"725","65","kv4057","Relaterade verk och skisser","32",""
"901","458","kv1833","Skisser","32",""
"1162","726","kv4988","Skisser","32",""
"1242","112","kv1343","Skisser","32",""
"1320","127","kv1289","Relaterade verk och skisser","32",""
"1479","126","kv1290","Osäkra skisser","32",""
"411","390","kv956","Osäkert","33",""
"911","458","kv1844","Skisser","33",""
"1118","726","kv4922","Skisser","33",""
"606","390","kv2567","Relaterat verk","34",""
"917","458","kv1850","Skisser","34",""
"1111","726","kv4913","Skisser","34",""
"1112","726","kv4914","Skisser","35",""
"1114","726","kv4919","Skisser","36",""
"1139","726","kv4946","Skisser","37",""
"1145","726","kv4953","Skisser","38",""
"1167","726","kv4996","Skisser","39",""
"312","458","kv110","Skisser","40",""
"314","458","kv1466","Skisser","40",""
"346","112","kv458","Huvudverk","40",""
"365","533","kv87","Relaterade verk och skisser","40",""
"463","159","kv4288","Skisser","40",""
"469","159","kv4272","Osäkra skisser","40",""
"615","458","kv4755","Skisser","40",""
"813","458","kv5011","Skisser","40",""
"896","458","kv1830","Skisser","40",""
"899","458","kv1831","Skisser","40",""
"908","458","kv1841","Skisser","40",""
"913","458","kv1846","Skisser","40",""
"922","458","kv1855","Skisser","40",""
"923","458","kv1860","Skisser","40",""
"925","458","kv1862","Skisser","40",""
"926","458","kv1863","Skisser","40",""
"1109","726","kv4909","Skisser","40",""
"1467","126","kv1332","Skisser","40",""
"348","112","kv872","Skisser","41",""
"1146","726","kv4954","Skisser","41",""
"1468","126","kv1297","Osäkra skisser","41",""
"349","112","kv5570","Skisser","42",""
"1147","726","kv4955","Skisser","42",""
"1278","112","kv2758","Skisser","42",""
"1148","726","kv4956","Skisser","43",""
"1246","112","kv1347","Skisser","43",""
"1249","112","kv1360","Skisser","43",""
"1140","726","kv4947","Skisser","44",""
"1247","112","kv1349","Skisser","44",""
"1141","726","kv4948","Skisser","45",""
"1248","112","kv1350","Skisser","45",""
"1122","726","kv4927","Skisser","46",""
"1252","112","kv1369","Skisser","46",""
"1120","726","kv4925","Skisser","47",""
"1123","726","kv4928","Skisser","48",""
"1124","726","kv4929","Skisser","49",""
"313","458","kv1418","Skisser","50",""
"347","112","kv460","Huvudverk","50",""
"960","458","kv1419","Skisser","50",""
"961","458","kv1421","Skisser","50",""
"962","458","kv1423","Skisser","50",""
"1125","726","kv4930","Skisser","50",""
"1221","19","kv4053","Skisser","50",""
"1277","112","kv2750","Skisser","50",""
"520","112","kv290","Skisser","51",""
"616","458","kv4754","Skisser","51",""
"617","458","kv4753","Osäkert","51",""
"815","458","kv5017","Skisser","51",""
"897","458","kv1828","Skisser","51",""
"898","458","kv1829","Skisser","51",""
"905","458","kv1838","Skisser","51",""
"914","458","kv1847","Skisser","51",""
"916","458","kv1849","Skisser","51",""
"1127","726","kv4932","Skisser","51",""
"1234","112","kv1367","Skisser","51",""
"1243","112","kv1342","Skisser","51",""
"1244","112","kv1341","Skisser","51",""
"1245","112","kv1340","Skisser","51",""
"1251","112","kv1364","Skisser","51",""
"1373","139","kv280","Skisser","51",""
"1375","139","kv283","Skisser","51",""
"1427","139","kv749","Skisser","51",""
"1428","139","kv750","Skisser","51",""
"1429","139","kv751","Skisser","51",""
"1430","139","kv752","Skisser","51",""
"1431","139","kv753","Skisser","51",""
"1432","139","kv788","Skisser","51",""
"1435","139","kv792","Skisser","51",""
"1436","139","kv793","Skisser","51",""
"1437","139","kv795","Skisser","51",""
"1438","139","kv796","Skisser","51",""
"1439","139","kv797","Skisser","51",""
"1440","139","kv822","Skisser","51",""
"1441","139","kv825","Skisser","51",""
"1442","139","kv826","Skisser","51",""
"1443","139","kv827","Skisser","51",""
"1444","139","kv828","Skisser","51",""
"1448","139","kv854","Skisser","51",""
"1451","139","kv920","Skisser","51",""
"1460","139","kv1169","Skisser","51",""
"1461","139","kv1170","Skisser","51",""
"900","458","kv1832","Skisser","52",""
"1133","726","kv4939","Skisser","52",""
"1293","112","kv1363","","52",""
"902","458","kv1834","Skisser","53",""
"1136","726","kv4942","Skisser","53",""
"462","159","kv4289","Skisser","54",""
"1137","726","kv4943","Skisser","54",""
"811","458","kv5009","Skisser","55",""
"812","458","kv5010","Skisser","55",""
"904","458","kv1837","Skisser","55",""
"906","458","kv1839","Skisser","55",""
"907","458","kv1840","Skisser","55",""
"918","458","kv1851","Skisser","55",""
"920","458","kv1853","Skisser","55",""
"921","458","kv1854","Skisser","55",""
"924","458","kv1861","Skisser","55",""
"959","458","kv1417","Skisser","55",""
"1138","726","kv4944","Skisser","55",""
"1142","726","kv4949","Skisser","56",""
"1143","726","kv4950","Skisser","57",""
"1153","726","kv4964","Skisser","58",""
"1152","726","kv4963","Skisser","59",""
"1149","726","kv4957","Skisser","60",""
"1220","19","kv4062","Skisser","60",""
"1150","726","kv4958","Skisser","61",""
"1223","19","kv3987","Skisser","61",""
"1151","726","kv4961","Skisser","62",""
"1222","19","kv4050","Skisser","62",""
"1128","726","kv4933","Skisser","63",""
"1225","19","kv3979","Skisser","63",""
"1132","726","kv4938","Skisser","64",""
"1154","726","kv4965","Skisser","65",""
"1269","19","kv4065","","65",""
"1301","124","kv6082","","65",""
"1377","779","kv286","","65",""
"1379","780","kv507","","65",""
"1169","726","kv4998","Skisser","66",""
"1107","726","kv4903","Skisser","67",""
"1159","726","kv4976","Skisser","68",""
"1108","726","kv4904","Skisser","69",""
"92","445","kv381","Huvudverk","70",""
"93","545","kv159","Huvudverk","70",""
"323","434","kv73","Huvudverk","70",""
"334","438","kv913","Huvudverk","70",""
"350","448","kv32","Huvudverk","70",""
"351","89","kv31","Huvudverk","70",""
"359","463","kv6639","Huvudverk","70",""
"368","557","kv1232","Huvudverk","70",""
"391","514","kv927","Huvudverk","70",""
"509","164","kv103","Huvudverk","70",""
"510","77","kv104","Huvudverk","70",""
"513","507","kv179","Huvudverk","70",""
"1004","505","kv84","Huvudverk","70",""
"1090","8","kv83","Huvudverk","70",""
"1091","722","kv120","Huvudverk","70",""
"1092","724","kv344","Huvudverk","70",""
"1093","725","kv345","Huvudverk","70",""
"1129","726","kv4935","Skisser","70",""
"1183","730","kv871","Huvudverk","70",""
"1190","732","kv163","Huvudverk","70",""
"1191","733","kv6540","Huvudverk","70",""
"1192","734","kv6717","Huvudverk","70",""
"1193","735","kv6532","Huvudverk","70",""
"1194","736","kv6641","Huvudverk","70",""
"1195","18","kv6776","Huvudverk","70",""
"1197","103","kv6718","Huvudverk","70",""
"1198","105","kv384","Huvudverk","70",""
"1199","98","kv48","Huvudverk","70",""
"1201","106","kv191","Huvudverk","70",""
"1202","101","kv178","Huvudverk","70",""
"1204","97","kv383","Huvudverk","70",""
"1208","104","kv174","Huvudverk","70",""
"1211","84","kv88","Huvudverk","70",""
"1226","19","kv3972","Skisser","70",""
"1380","781","kv579","Huvudverk","70",""
"1105","726","kv5332","Skisser","71",""
"1218","19","kv4071","Skisser","71",""
"1292","112","kv1353","Osäkra skisser","71",""
"1102","726","kv5305","Skisser","72",""
"1219","19","kv4070","Skisser","72",""
"1098","726","kv5299","Skisser","73",""
"1224","19","kv3981","Skisser","73",""
"1097","726","kv5298","Skisser","74",""
"1260","19","kv3973","Skisser","74",""
"91","445","kv4361","Skisser","75",""
"97","455","kv6711","Skisser","75",""
"118","160","kv6644","Skisser","75",""
"322","433","kv555","Skisser","75",""
"336","522","kv270","Skisser","75",""
"338","497","kv391","Skisser","75",""
"339","509","kv644","Skisser","75",""
"340","509","kv262","Skisser","75",""
"341","509","kv263","Skisser","75",""
"367","557","kv2889","Skisser","75",""
"465","172","kv4286","Skisser","75",""
"467","172","kv4283","Skisser","75",""
"704","523","kv6014","Skisser","75",""
"711","414","kv6032","Skisser","75",""
"713","682","kv6022","Skisser","75",""
"715","682","kv6021","Skisser","75",""
"717","682","kv6020","Skisser","75",""
"719","682","kv6018","Skisser","75",""
"721","682","kv6033","Skisser","75",""
"723","684","kv6024","Skisser","75",""
"738","160","kv1154","Skisser","75",""
"756","535","kv4219","Skisser","75",""
"757","535","kv4220","Skisser","75",""
"758","535","kv4221","Skisser","75",""
"759","535","kv4222","Skisser","75",""
"760","535","kv4223","Skisser","75",""
"769","678","kv1735","Skisser","75",""
"770","678","kv1736","Skisser","75",""
"772","390","kv1742","Skisser","75",""
"773","678","kv1750","Skisser","75",""
"774","678","kv1771","Skisser","75",""
"801","445","kv4362","Skisser","75",""
"867","390","kv1083","Skisser","75",""
"874","514","kv5839","Skisser","75",""
"892","547","kv1599","Skisser","75",""
"893","535","kv1667","Skisser","75",""
"938","655","kv6205","Skisser","75",""
"939","655","kv6207","Skisser","75",""
"940","655","kv6208","Skisser","75",""
"941","655","kv6216","Skisser","75",""
"950","377","kv1400","Skisser","75",""
"951","377","kv1401","Skisser","75",""
"952","377","kv1402","Skisser","75",""
"953","377","kv1403","Skisser","75",""
"954","377","kv1404","Skisser","75",""
"1011","512","kv1451","Skisser","75",""
"1027","564","kv1490","Skisser","75",""
"1029","564","kv1506","Skisser","75",""
"1030","564","kv1507","Skisser","75",""
"1031","564","kv1523","Skisser","75",""
"1032","564","kv1524","Skisser","75",""
"1043","653","kv5929","Skisser","75",""
"1047","390","kv1250","Skisser","75",""
"1048","390","kv1726","Skisser","75",""
"1059","528","kv4370","Skisser","75",""
"1060","473","kv4382","Skisser","75",""
"1061","473","kv4383","Skisser","75",""
"1066","528","kv4390","Skisser","75",""
"1094","26","kv730","Skisser","75",""
"1095","25","kv5333","Skisser","75",""
"1104","726","kv5330","Skisser","75",""
"1106","35","kv5334","Skisser","75",""
"1135","53","kv4941","Skisser","75",""
"1173","36","kv133","Skisser","75",""
"1174","728","kv4900","Skisser","75",""
"1175","728","kv4971","Skisser","75",""
"1176","728","kv4970","Skisser","75",""
"1187","731","kv620","Skisser","75",""
"1188","731","kv5312","Skisser","75",""
"1203","101","kv112","Skisser","75",""
"1215","742","kv912","Skisser","75",""
"1253","84","kv3986","Skisser","75",""
"1254","84","kv4045","Skisser","75",""
"1265","743","kv4063","Skisser","75",""
"1266","743","kv3971","Skisser","75",""
"1267","743","kv3970","Skisser","75",""
"1270","54","kv516","Skisser","75",""
"1291","751","kv2727","Skisser","75",""
"1295","753","kv285","Skisser","75",""
"1308","768","kv576","Skisser","75",""
"1341","765","kv810","Skisser","75",""
"1353","777","kv4934","Skisser","75",""
"1354","777","kv4959","Skisser","75",""
"1355","778","kv4960","Skisser","75",""
"1469","164","kv4282","Skisser","75",""
"1474","782","kv1298","Skisser","75",""
"1475","783","kv4594","Skisser","75",""
"1476","783","kv4595","Skisser","75",""
"470","159","kv4271","Osäkra skisser","80",""
"472","159","kv4269","Osäkra skisser","80",""
"477","159","kv4261","Osäkra skisser","80",""
"1196","59","kv5313","Osäkra skisser","80",""
"1212","59","kv4981","Osäkra skisser","80",""
"1213","56","kv4980","Osäkra skisser","80",""
"1230","19","kv3975","Skisser","80",""
"1306","115","kv583","Osäkra skisser","80",""
"1352","772","kv146","Osäkra skisser","80",""
"1294","19","kv2736","Osäkra skisser","81",""
"51","418","kv80","Relaterade verk och skisser","85",""
"251","413","kv6227","Relaterade verk och skisser","85",""
"335","439","kv913","Relaterade verk och skisser","85",""
"353","504","kv84","Relaterade verk och skisser","85",""
"354","444","kv74","Relaterade verk och skisser","85",""
"705","523","kv6015","Relaterade verk och skisser","85",""
"707","523","kv6016","Relaterade verk och skisser","85",""
"709","523","kv6017","Relaterade verk och skisser","85",""
"712","419","kv6032","Relaterade verk och skisser","85",""
"978","552","kv591","Relaterade verk och skisser","85",""
"1038","557","kv1715","Relaterade verk och skisser","85",""
"1080","653","kv2977","Relaterade verk och skisser","85",""
"1257","103","kv881","Relaterade verk och skisser","85",""
"98","310","kv818","Relaterat verk","90",""
"324","268","kv50","Relaterat verk","90",""
"325","268","kv363","Relaterat verk","90",""
"326","268","kv838","Relaterat verk","90",""
"327","268","kv1819","Relaterat verk","90",""
"710","683","kv6017","Relaterat verk","90",""
"1037","557","kv80","Tillfälligt internt","100",""
"1046","429","kv1232","Tillfälligt internt","100",""
